,QAEval (F1),QAEval (EM),QAAlignedF1Score (BERTScore),QAAlignedF1Score (MoverScore),QAAlignedPrecision (BERTScore),QAAlignedPrecision (MoverScore),QAAlignedRecall (BERTScore),QAAlignedRecall (MoverScore)
QAEval (F1),1.0,0.9737740549909968,0.8210592230580296,0.6089427809274409,0.7429067296326994,0.4441135942139695,0.8738725287152305,0.712967279578745
QAEval (EM),0.9737740549909968,1.0000000000000002,0.857620392467988,0.7043422583237005,0.7998875053577562,0.567122370013513,0.8924105324413574,0.7838598316002321
QAAlignedF1Score (BERTScore),0.8210592230580296,0.857620392467988,1.000000000000001,0.9207048572039519,0.9899869632632416,0.8496267586564541,0.9930929697140296,0.9440624490052063
QAAlignedF1Score (MoverScore),0.6089427809274409,0.7043422583237005,0.9207048572039519,0.9999999999999993,0.9402595166608041,0.9736066832017277,0.8891852442735606,0.9853852438112624
QAAlignedPrecision (BERTScore),0.7429067296326994,0.7998875053577562,0.9899869632632416,0.9402595166608041,0.9999999999999992,0.900501818279515,0.9665983593929288,0.9395748473749677
QAAlignedPrecision (MoverScore),0.4441135942139695,0.567122370013513,0.8496267586564541,0.9736066832017277,0.900501818279515,0.9999999999999999,0.7932291304731369,0.9205345558783852
QAAlignedRecall (BERTScore),0.8738725287152305,0.8924105324413574,0.9930929697140296,0.8891852442735606,0.9665983593929288,0.7932291304731369,1.0000000000000018,0.9321798574492708
QAAlignedRecall (MoverScore),0.712967279578745,0.7838598316002321,0.9440624490052063,0.9853852438112624,0.9395748473749677,0.9205345558783852,0.9321798574492708,1.0000000000000007
