Domain,QAEval (F1),QAEval (EM)
amazon,40.38227875973366,23.715095103197086
new_wiki,52.2290496629115,35.55051650289746
nyt,55.1077508734531,40.73926868044515
reddit,40.1627467358546,25.2805549887778