Domain,QAEval (F1),QAEval (EM)
amazon,46.65079272873515,28.79401052205585
new_wiki,54.78460550369277,37.96926177878559
nyt,57.2416606759959,42.209856915739266
reddit,44.80549289345936,29.300142827994286