Domain,QAEval (F1),QAEval (EM)
amazon,43.59396356669005,26.46297045730474
new_wiki,53.2735832373274,36.89342403628118
nyt,56.496714312138884,41.629570747217805
reddit,42.515563603545026,27.118955315241788