Domain,QAEval (F1),QAEval (EM)
amazon,45.31638452147767,27.964386887899636
amazon,44.2766962322523,26.97288547146904
amazon,41.746682428778456,25.27316875758802
amazon,40.38227875973366,23.715095103197086
amazon,44.029730837979564,26.143261837312828
amazon,43.75942570435352,26.32537434237151
amazon,42.231104856082126,25.92067988668555
amazon,43.73556966035315,26.52772157021449
amazon,43.810969937154894,26.99312019425334
amazon,46.65079272873515,28.79401052205585
new_wiki,53.3684569919645,36.88586545729403
new_wiki,54.78460550369277,37.96926177878559
new_wiki,52.38663644690618,36.48274124464601
new_wiki,53.5928513078404,36.70949861426052
new_wiki,54.32979009996008,37.81809019904258
new_wiki,52.2290496629115,35.55051650289746
new_wiki,52.421133693084066,36.835474930713026
new_wiki,53.018923330570686,36.78508440413202
new_wiki,54.10547290665542,37.66691861929957
new_wiki,52.498912429688374,36.23078861174099
nyt,55.939813455492775,41.09697933227345
nyt,55.1077508734531,40.73926868044515
nyt,55.963945978411004,41.554054054054056
nyt,56.94152640090173,41.85214626391097
nyt,56.79407086700816,41.713036565977745
nyt,56.96338162135628,42.110492845786965
nyt,56.80596963702094,42.090620031796504
nyt,57.2416606759959,42.209856915739266
nyt,56.77816950885374,41.47456279809221
nyt,56.430854102895196,41.45468998410175
reddit,43.27736672891193,27.933074882677005
reddit,40.63435727599309,25.443786982248522
reddit,41.18359890544026,25.913078963476842
reddit,42.355598999861265,26.606814935727403
reddit,42.80521176697052,27.443378902264843
reddit,40.1627467358546,25.2805549887778
reddit,43.05039195749031,27.933074882677005
reddit,42.3079204791677,26.912874923485003
reddit,44.80549289345936,29.300142827994286
reddit,44.572950292301215,28.422770863089166
