,answerability,grammaticality,understandability
answerability,0.0,4.204648383267709e-89,3.665271512894512e-160
grammaticality,4.204648383267709e-89,0.0,2.1173334396353468e-257
understandability,3.665271512894512e-160,2.1173334396353468e-257,0.0
