,B4,R-L,MTR,BS,MS
answerability,8.443456145528467e-80,6.28419961935562e-95,4.7003170699356666e-119,2.402536030562449e-84,1.0374559341058658e-111
grammaticality,3.950922604103207e-23,1.7763189500718798e-26,2.7720444248002586e-28,2.4121647821506027e-38,6.548421266920808e-32
understandability,2.3590947622125838e-36,4.866462422756639e-44,9.174467950390023e-53,1.8527479472548127e-64,1.9339579210610204e-53
