,B4,R-L,MTR,BS,MS
answerability,2.927295106980066e-51,1.9464593894876323e-99,6.913661927220448e-97,8.097128645154536e-88,4.797756901660071e-92
grammaticality,1.8913853397290664e-17,1.7797012746339327e-27,2.758239362022398e-24,2.653879640612533e-41,2.525864909698737e-24
understandability,8.234564046985452e-21,1.8341571457699242e-39,1.1165830314424154e-34,8.485301177929995e-61,3.8361603011800406e-35
