,answerability,grammaticality,understandability
answerability,0.0,2.5303355201304742e-115,1.2773684982919852e-203
grammaticality,2.5303355201304742e-115,0.0,0.0
understandability,1.2773684982919852e-203,0.0,0.0
