,answerability,grammaticality,understandability
answerability,0.9999999999999939,0.39943938284231556,0.5157766954291594
grammaticality,0.39943938284231556,1.0000000000000004,0.7053062599885342
understandability,0.5157766954291594,0.7053062599885342,1.0000000000000093
