,answerability,grammaticality,understandability
answerability,1.0,0.35366784733899714,0.46412507625285665
grammaticality,0.35366784733899714,1.0,0.5693669168389287
understandability,0.46412507625285665,0.5693669168389287,1.0
