,B4,R-L,MTR,BS,MS
B4,0.0,0.0,0.0,7.432653237763425e-306,0.0
R-L,0.0,0.0,0.0,0.0,0.0
MTR,0.0,0.0,0.0,0.0,0.0
BS,7.432653237763425e-306,0.0,0.0,0.0,0.0
MS,0.0,0.0,0.0,0.0,0.0
