,B4,R-L,MTR,BS,MS
answerability,0.269964756243173,0.37259961260009383,0.3680449631732448,0.35122192917351075,0.35919059610423987
grammaticality,0.1543268556045755,0.19643000132193356,0.18412681437925796,0.24219579090898832,0.18427935258467054
understandability,0.16965823816963044,0.23666320821970288,0.2215571379080576,0.2937922526752891,0.22307130956713506
