,B4,R-L,MTR,BS,MS
answerability,0.3354398514361401,0.3644966343758071,0.4053968396349047,0.3444993743921697,0.39355189092791293
grammaticality,0.17944873420489077,0.19266613259709028,0.19941687893756577,0.23322658447228944,0.212278870871869
understandability,0.22697177747199349,0.2501751358560869,0.2738821183831457,0.30235768039850064,0.27562244996361535
