,B4,R-L,MTR,BS,MS
B4,1.0,0.9012419565404524,0.8719033640672331,0.7153288141239242,0.837737132169335
R-L,0.9012419565404524,1.0,0.9123638669938269,0.7646796568362029,0.8813775068957741
MTR,0.8719033640672331,0.9123638669938269,1.0,0.7502374216212151,0.8941814022480163
BS,0.7153288141239242,0.7646796568362029,0.7502374216212151,1.0,0.811128449367094
MS,0.837737132169335,0.8813775068957741,0.8941814022480163,0.811128449367094,1.0
