{"test": {"Bleu_1": 0.4243332175024586, "Bleu_2": 0.25357252095641225, "Bleu_3": 0.17061002773627224, "Bleu_4": 0.11946023506705396, "METEOR": 0.16273942136762082, "ROUGE_L": 0.39407718832722793}}