{"test": {"Bleu_1": 0.3394649046753213, "Bleu_2": 0.18519577475490268, "Bleu_3": 0.11900793086127252, "Bleu_4": 0.08083384972416043, "METEOR": 0.13732772405528423, "ROUGE_L": 0.34149916952915205}}