{"test": {"QAAlignedF1Score (BERTScore)": 0.9253370421016901, "QAAlignedF1Score (MoverScore)": 0.6423356739093798, "QAAlignedRecall (BERTScore)": 0.925337040526016, "QAAlignedPrecision (BERTScore)": 0.925337040526016, "QAAlignedRecall (MoverScore)": 0.6423356846502042, "QAAlignedPrecision (MoverScore)": 0.6423356846502042}, "validation": {"QAAlignedF1Score (BERTScore)": 0.9271886992476402, "QAAlignedF1Score (MoverScore)": 0.646321775519629, "QAAlignedRecall (BERTScore)": 0.9271886973762236, "QAAlignedPrecision (BERTScore)": 0.9271886973762236, "QAAlignedRecall (MoverScore)": 0.6463216644037021, "QAAlignedPrecision (MoverScore)": 0.6463216644037021}}