{"test": {"QAAlignedF1Score (BERTScore)": 0.906647733818443, "QAAlignedF1Score (MoverScore)": 0.653647697608496, "QAAlignedRecall (BERTScore)": 0.9066477395394856, "QAAlignedPrecision (BERTScore)": 0.9066477395394856, "QAAlignedRecall (MoverScore)": 0.6536478786377148, "QAAlignedPrecision (MoverScore)": 0.6536478786377148}, "validation": {"QAAlignedF1Score (BERTScore)": 0.9203702769756086, "QAAlignedF1Score (MoverScore)": 0.67005561892494, "QAAlignedRecall (BERTScore)": 0.9203702765495896, "QAAlignedPrecision (BERTScore)": 0.9203702765495896, "QAAlignedRecall (MoverScore)": 0.6700558047600201, "QAAlignedPrecision (MoverScore)": 0.6700558047600201}}