{"test": {"QAAlignedF1Score (BERTScore)": 0.8201168576084874, "QAAlignedF1Score (MoverScore)": 0.5608719993583443, "QAAlignedRecall (BERTScore)": 0.8201168561897797, "QAAlignedPrecision (BERTScore)": 0.8201168561897797, "QAAlignedRecall (MoverScore)": 0.5608719969801507, "QAAlignedPrecision (MoverScore)": 0.5608719969801507}, "validation": {"QAAlignedF1Score (BERTScore)": 0.8087412754700524, "QAAlignedF1Score (MoverScore)": 0.5530187497658878, "QAAlignedRecall (BERTScore)": 0.8087412741413942, "QAAlignedPrecision (BERTScore)": 0.8087412741413942, "QAAlignedRecall (MoverScore)": 0.5530188013729251, "QAAlignedPrecision (MoverScore)": 0.5530188013729251}}