{"test": {"QAAlignedF1Score (BERTScore)": 0.8716389802680674, "QAAlignedF1Score (MoverScore)": 0.6308136319057531, "QAAlignedRecall (BERTScore)": 0.871638979894845, "QAAlignedPrecision (BERTScore)": 0.871638979894845, "QAAlignedRecall (MoverScore)": 0.6308136182109251, "QAAlignedPrecision (MoverScore)": 0.6308136182109251}, "validation": {"QAAlignedF1Score (BERTScore)": 0.8681866388800928, "QAAlignedF1Score (MoverScore)": 0.6260446384941448, "QAAlignedRecall (BERTScore)": 0.8681866383668779, "QAAlignedPrecision (BERTScore)": 0.8681866383668779, "QAAlignedRecall (MoverScore)": 0.6260446880947287, "QAAlignedPrecision (MoverScore)": 0.6260446880947287}}