{"test": {"QAAlignedF1Score (BERTScore)": 0.7976244828929961, "QAAlignedF1Score (MoverScore)": 0.5475287486181891, "QAAlignedRecall (BERTScore)": 0.7976244823764896, "QAAlignedPrecision (BERTScore)": 0.7976244823764896, "QAAlignedRecall (MoverScore)": 0.5475287693215519, "QAAlignedPrecision (MoverScore)": 0.5475287693215519}, "validation": {"QAAlignedF1Score (BERTScore)": 0.8151746088386974, "QAAlignedF1Score (MoverScore)": 0.5601133800998525, "QAAlignedRecall (BERTScore)": 0.8151746080810388, "QAAlignedPrecision (BERTScore)": 0.8151746080810388, "QAAlignedRecall (MoverScore)": 0.5601133728353134, "QAAlignedPrecision (MoverScore)": 0.5601133728353134}}