{"test": {"QAAlignedF1Score (BERTScore)": 0.9549468463495571, "QAAlignedF1Score (MoverScore)": 0.7037994906840926, "QAAlignedRecall (BERTScore)": 0.9549468437630053, "QAAlignedPrecision (BERTScore)": 0.9549468437630053, "QAAlignedRecall (MoverScore)": 0.7037991332254777, "QAAlignedPrecision (MoverScore)": 0.7037991332254777}, "validation": {"QAAlignedF1Score (BERTScore)": 0.9558224424194867, "QAAlignedF1Score (MoverScore)": 0.7148265205301874, "QAAlignedRecall (BERTScore)": 0.9558224423085732, "QAAlignedPrecision (BERTScore)": 0.9558224423085732, "QAAlignedRecall (MoverScore)": 0.7148261391598825, "QAAlignedPrecision (MoverScore)": 0.7148261391598825}}