{"test": {"QAAlignedF1Score (BERTScore)": 0.9016720774011826, "QAAlignedF1Score (MoverScore)": 0.682158884446746, "QAAlignedRecall (BERTScore)": 0.9016720766503026, "QAAlignedPrecision (BERTScore)": 0.9016720766503026, "QAAlignedRecall (MoverScore)": 0.6821591081265299, "QAAlignedPrecision (MoverScore)": 0.6821591081265299}, "validation": {"QAAlignedF1Score (BERTScore)": 0.9017622723967416, "QAAlignedF1Score (MoverScore)": 0.6845480698213335, "QAAlignedRecall (BERTScore)": 0.9017622702945116, "QAAlignedPrecision (BERTScore)": 0.9017622702945116, "QAAlignedRecall (MoverScore)": 0.6845482067986377, "QAAlignedPrecision (MoverScore)": 0.6845482067986377}}