{"test": {"QAAlignedF1Score (BERTScore)": 0.9208434218073206, "QAAlignedF1Score (MoverScore)": 0.7145302199593226, "QAAlignedRecall (BERTScore)": 0.920843419495538, "QAAlignedPrecision (BERTScore)": 0.920843419495538, "QAAlignedRecall (MoverScore)": 0.7145308492346554, "QAAlignedPrecision (MoverScore)": 0.7145308492346554}, "validation": {"QAAlignedF1Score (BERTScore)": 0.9204591077515047, "QAAlignedF1Score (MoverScore)": 0.7141906389955507, "QAAlignedRecall (BERTScore)": 0.9204591094631921, "QAAlignedPrecision (BERTScore)": 0.9204591094631921, "QAAlignedRecall (MoverScore)": 0.714191269398692, "QAAlignedPrecision (MoverScore)": 0.714191269398692}}