{"test": {"QAAlignedF1Score (BERTScore)": 0.8852103620711703, "QAAlignedF1Score (MoverScore)": 0.6245596383839435, "QAAlignedRecall (BERTScore)": 0.885210362174414, "QAAlignedPrecision (BERTScore)": 0.885210362174414, "QAAlignedRecall (MoverScore)": 0.6245595374102665, "QAAlignedPrecision (MoverScore)": 0.6245595374102665}, "validation": {"QAAlignedF1Score (BERTScore)": 0.8829314492540556, "QAAlignedF1Score (MoverScore)": 0.6266255814119757, "QAAlignedRecall (BERTScore)": 0.8829314476420588, "QAAlignedPrecision (BERTScore)": 0.8829314476420588, "QAAlignedRecall (MoverScore)": 0.6266254882283538, "QAAlignedPrecision (MoverScore)": 0.6266254882283538}}