{"test": {"QAAlignedF1Score (BERTScore)": 0.9287180806639029, "QAAlignedF1Score (MoverScore)": 0.6467327791501825, "QAAlignedRecall (BERTScore)": 0.9287180812356238, "QAAlignedPrecision (BERTScore)": 0.9287180812356238, "QAAlignedRecall (MoverScore)": 0.6467326694578835, "QAAlignedPrecision (MoverScore)": 0.6467326694578835}, "validation": {"QAAlignedF1Score (BERTScore)": 0.9292131234282073, "QAAlignedF1Score (MoverScore)": 0.6491413306720917, "QAAlignedRecall (BERTScore)": 0.9292131238469848, "QAAlignedPrecision (BERTScore)": 0.9292131238469848, "QAAlignedRecall (MoverScore)": 0.6491411767318414, "QAAlignedPrecision (MoverScore)": 0.6491411767318414}}