{"test": {"QAAlignedF1Score (BERTScore)": 0.9542314677079246, "QAAlignedF1Score (MoverScore)": 0.7062745682652204, "QAAlignedRecall (BERTScore)": 0.9542314692008608, "QAAlignedPrecision (BERTScore)": 0.9542314692008608, "QAAlignedRecall (MoverScore)": 0.7062741475126567, "QAAlignedPrecision (MoverScore)": 0.7062741475126567}, "validation": {"QAAlignedF1Score (BERTScore)": 0.9550002110355494, "QAAlignedF1Score (MoverScore)": 0.7167819758275562, "QAAlignedRecall (BERTScore)": 0.9550002131446896, "QAAlignedPrecision (BERTScore)": 0.9550002131446896, "QAAlignedRecall (MoverScore)": 0.7167811289812672, "QAAlignedPrecision (MoverScore)": 0.7167811289812672}}