{"test": {"QAAlignedF1Score (BERTScore)": 0.9174211957082636, "QAAlignedF1Score (MoverScore)": 0.6323307804945066, "QAAlignedRecall (BERTScore)": 0.9174211963637031, "QAAlignedPrecision (BERTScore)": 0.9174211963637031, "QAAlignedRecall (MoverScore)": 0.6323308351048352, "QAAlignedPrecision (MoverScore)": 0.6323308351048352}, "validation": {"QAAlignedF1Score (BERTScore)": 0.9202558576870907, "QAAlignedF1Score (MoverScore)": 0.6372557483924562, "QAAlignedRecall (BERTScore)": 0.920255858934272, "QAAlignedPrecision (BERTScore)": 0.920255858934272, "QAAlignedRecall (MoverScore)": 0.6372557604555721, "QAAlignedPrecision (MoverScore)": 0.6372557604555721}}