{"test": {"QAAlignedF1Score (BERTScore)": 0.8752356036189133, "QAAlignedF1Score (MoverScore)": 0.8515124144538231, "QAAlignedRecall (BERTScore)": 0.8752356033803537, "QAAlignedPrecision (BERTScore)": 0.8752356033803537, "QAAlignedRecall (MoverScore)": 0.8515064006664143, "QAAlignedPrecision (MoverScore)": 0.8515064006664143}, "validation": {"QAAlignedF1Score (BERTScore)": 0.8797430553195399, "QAAlignedF1Score (MoverScore)": 0.8985065897017552, "QAAlignedRecall (BERTScore)": 0.8797430547412393, "QAAlignedPrecision (BERTScore)": 0.8797430547412393, "QAAlignedRecall (MoverScore)": 0.8985075818334147, "QAAlignedPrecision (MoverScore)": 0.8985075818334147}}