{"test": {"QAAlignedF1Score (BERTScore)": 0.9553719665829591, "QAAlignedF1Score (MoverScore)": 0.7082452551815105, "QAAlignedRecall (BERTScore)": 0.9553719676636558, "QAAlignedPrecision (BERTScore)": 0.9553719676636558, "QAAlignedRecall (MoverScore)": 0.7082445720362622, "QAAlignedPrecision (MoverScore)": 0.7082445720362622}, "validation": {"QAAlignedF1Score (BERTScore)": 0.9560027353410567, "QAAlignedF1Score (MoverScore)": 0.7176911637134193, "QAAlignedRecall (BERTScore)": 0.9560027355799859, "QAAlignedPrecision (BERTScore)": 0.9560027355799859, "QAAlignedRecall (MoverScore)": 0.7176904376394398, "QAAlignedPrecision (MoverScore)": 0.7176904376394398}}