{"test": {"QAAlignedF1Score (BERTScore)": 0.9054627667921001, "QAAlignedF1Score (MoverScore)": 0.6432936858893443, "QAAlignedRecall (BERTScore)": 0.9054627671287254, "QAAlignedPrecision (BERTScore)": 0.9054627671287254, "QAAlignedRecall (MoverScore)": 0.6432936569558921, "QAAlignedPrecision (MoverScore)": 0.6432936569558921}, "validation": {"QAAlignedF1Score (BERTScore)": 0.9168572305536348, "QAAlignedF1Score (MoverScore)": 0.6562036660867667, "QAAlignedRecall (BERTScore)": 0.9168572310489521, "QAAlignedPrecision (BERTScore)": 0.9168572310489521, "QAAlignedRecall (MoverScore)": 0.656203863992624, "QAAlignedPrecision (MoverScore)": 0.656203863992624}}