{"test": {"QAAlignedF1Score (BERTScore)": 0.8898626829475537, "QAAlignedF1Score (MoverScore)": 0.6347281318957313, "QAAlignedRecall (BERTScore)": 0.8898626826367485, "QAAlignedPrecision (BERTScore)": 0.8898626826367485, "QAAlignedRecall (MoverScore)": 0.6347284965982731, "QAAlignedPrecision (MoverScore)": 0.6347284965982731}, "validation": {"QAAlignedF1Score (BERTScore)": 0.8896467358321192, "QAAlignedF1Score (MoverScore)": 0.6299539346242563, "QAAlignedRecall (BERTScore)": 0.8896467351270954, "QAAlignedPrecision (BERTScore)": 0.8896467351270954, "QAAlignedRecall (MoverScore)": 0.6299538978438767, "QAAlignedPrecision (MoverScore)": 0.6299538978438767}}