{"test": {"QAAlignedF1Score (BERTScore)": 0.875555217179592, "QAAlignedF1Score (MoverScore)": 0.6170629909692065, "QAAlignedRecall (BERTScore)": 0.8755552163287907, "QAAlignedPrecision (BERTScore)": 0.8755552163287907, "QAAlignedRecall (MoverScore)": 0.617063112639466, "QAAlignedPrecision (MoverScore)": 0.617063112639466}, "validation": {"QAAlignedF1Score (BERTScore)": 0.8788252032406213, "QAAlignedF1Score (MoverScore)": 0.6235306562971487, "QAAlignedRecall (BERTScore)": 0.8788252033020734, "QAAlignedPrecision (BERTScore)": 0.8788252033020734, "QAAlignedRecall (MoverScore)": 0.6235306102315428, "QAAlignedPrecision (MoverScore)": 0.6235306102315428}}