{"test": {"QAAlignedF1Score (BERTScore)": 0.8942792445970149, "QAAlignedF1Score (MoverScore)": 0.6373351335791504, "QAAlignedRecall (BERTScore)": 0.8942792441862537, "QAAlignedPrecision (BERTScore)": 0.8942792441862537, "QAAlignedRecall (MoverScore)": 0.6373352959963351, "QAAlignedPrecision (MoverScore)": 0.6373352959963351}, "validation": {"QAAlignedF1Score (BERTScore)": 0.8926300791211127, "QAAlignedF1Score (MoverScore)": 0.6305940752097583, "QAAlignedRecall (BERTScore)": 0.8926300778371054, "QAAlignedPrecision (BERTScore)": 0.8926300778371054, "QAAlignedRecall (MoverScore)": 0.6305942292258815, "QAAlignedPrecision (MoverScore)": 0.6305942292258815}}