{"test": {"QAAlignedF1Score (BERTScore)": 0.9513696011128457, "QAAlignedF1Score (MoverScore)": 0.6979306978159988}, "validation": {"QAAlignedF1Score (BERTScore)": 0.9521595263150997, "QAAlignedF1Score (MoverScore)": 0.7077103390835175}}