{"test": {"QAAlignedF1Score (BERTScore)": 0.79690878238991, "QAAlignedF1Score (MoverScore)": 0.5418250904142348}, "validation": {"QAAlignedF1Score (BERTScore)": 0.8040252572532557, "QAAlignedF1Score (MoverScore)": 0.5494092599249712}}