{"test": {"QAAlignedF1Score (BERTScore)": 0.8004554791917788, "QAAlignedF1Score (MoverScore)": 0.5690282375672748, "QAAlignedRecall (BERTScore)": 0.8004554785758073, "QAAlignedPrecision (BERTScore)": 0.8004554785758073, "QAAlignedRecall (MoverScore)": 0.5690283301008727, "QAAlignedPrecision (MoverScore)": 0.5690283301008727}, "validation": {"QAAlignedF1Score (BERTScore)": 0.8009894932576622, "QAAlignedF1Score (MoverScore)": 0.5695226008319757, "QAAlignedRecall (BERTScore)": 0.800989491850948, "QAAlignedPrecision (BERTScore)": 0.800989491850948, "QAAlignedRecall (MoverScore)": 0.5695226829492721, "QAAlignedPrecision (MoverScore)": 0.5695226829492721}}