{"test": {"QAAlignedF1Score (BERTScore)": 0.8051445409137936, "QAAlignedF1Score (MoverScore)": 0.5628285704634481, "QAAlignedRecall (BERTScore)": 0.8051445410815493, "QAAlignedPrecision (BERTScore)": 0.8051445410815493, "QAAlignedRecall (MoverScore)": 0.5628285480974135, "QAAlignedPrecision (MoverScore)": 0.5628285480974135}, "validation": {"QAAlignedF1Score (BERTScore)": 0.8153525922735005, "QAAlignedF1Score (MoverScore)": 0.5706987335255004, "QAAlignedRecall (BERTScore)": 0.8153525925392159, "QAAlignedPrecision (BERTScore)": 0.8153525925392159, "QAAlignedRecall (MoverScore)": 0.5706987180554705, "QAAlignedPrecision (MoverScore)": 0.5706987180554705}}