{"test": {"QAAlignedF1Score (BERTScore)": 0.8765991197053721, "QAAlignedF1Score (MoverScore)": 0.6159932305738621, "QAAlignedRecall (BERTScore)": 0.8765991192649627, "QAAlignedPrecision (BERTScore)": 0.8765991192649627, "QAAlignedRecall (MoverScore)": 0.6159932351333026, "QAAlignedPrecision (MoverScore)": 0.6159932351333026}, "validation": {"QAAlignedF1Score (BERTScore)": 0.8796577279163592, "QAAlignedF1Score (MoverScore)": 0.6193549935335876, "QAAlignedRecall (BERTScore)": 0.8796577269842016, "QAAlignedPrecision (BERTScore)": 0.8796577269842016, "QAAlignedRecall (MoverScore)": 0.6193553273970928, "QAAlignedPrecision (MoverScore)": 0.6193553273970928}}