{"test": {"QAAlignedF1Score (BERTScore)": 0.8036359626603298, "QAAlignedF1Score (MoverScore)": 0.8283278858086283, "QAAlignedRecall (BERTScore)": 0.8036359616822631, "QAAlignedPrecision (BERTScore)": 0.8036359616822631, "QAAlignedRecall (MoverScore)": 0.8283232888422367, "QAAlignedPrecision (MoverScore)": 0.8283232888422367}, "validation": {"QAAlignedF1Score (BERTScore)": 0.8262968708712073, "QAAlignedF1Score (MoverScore)": 0.8699890771932266, "QAAlignedRecall (BERTScore)": 0.8262968714058625, "QAAlignedPrecision (BERTScore)": 0.8262968714058625, "QAAlignedRecall (MoverScore)": 0.8699876180036832, "QAAlignedPrecision (MoverScore)": 0.8699876180036832}}