{"test": {"QAAlignedF1Score (BERTScore)": 0.7998732664846462, "QAAlignedF1Score (MoverScore)": 0.5388739368004453, "QAAlignedRecall (BERTScore)": 0.7998732684593858, "QAAlignedPrecision (BERTScore)": 0.7998732684593858, "QAAlignedRecall (MoverScore)": 0.5388739377869997, "QAAlignedPrecision (MoverScore)": 0.5388739377869997}, "validation": {"QAAlignedF1Score (BERTScore)": 0.7973136726870169, "QAAlignedF1Score (MoverScore)": 0.5363371353604584, "QAAlignedRecall (BERTScore)": 0.7973136741841301, "QAAlignedPrecision (BERTScore)": 0.7973136741841301, "QAAlignedRecall (MoverScore)": 0.5363371632719987, "QAAlignedPrecision (MoverScore)": 0.5363371632719987}}