{"test": {"QAAlignedF1Score (BERTScore)": 0.8818018633414481, "QAAlignedF1Score (MoverScore)": 0.8553077643399473, "QAAlignedRecall (BERTScore)": 0.8818018620939322, "QAAlignedPrecision (BERTScore)": 0.8818018620939322, "QAAlignedRecall (MoverScore)": 0.8553001327740917, "QAAlignedPrecision (MoverScore)": 0.8553001327740917}, "validation": {"QAAlignedF1Score (BERTScore)": 0.8848778223003781, "QAAlignedF1Score (MoverScore)": 0.899924146221216, "QAAlignedRecall (BERTScore)": 0.8848778216675351, "QAAlignedPrecision (BERTScore)": 0.8848778216675351, "QAAlignedRecall (MoverScore)": 0.8999197679449588, "QAAlignedPrecision (MoverScore)": 0.8999197679449588}}