{"test": {"QAAlignedF1Score (BERTScore)": 0.9556613569463243, "QAAlignedF1Score (MoverScore)": 0.7109743332014254, "QAAlignedRecall (BERTScore)": 0.9556613590481542, "QAAlignedPrecision (BERTScore)": 0.9556613590481542, "QAAlignedRecall (MoverScore)": 0.7109738861442854, "QAAlignedPrecision (MoverScore)": 0.7109738861442854}, "validation": {"QAAlignedF1Score (BERTScore)": 0.955650100670784, "QAAlignedF1Score (MoverScore)": 0.720177017946329, "QAAlignedRecall (BERTScore)": 0.9556501018745344, "QAAlignedPrecision (BERTScore)": 0.9556501018745344, "QAAlignedRecall (MoverScore)": 0.7201764491968471, "QAAlignedPrecision (MoverScore)": 0.7201764491968471}}