{"test": {"QAAlignedF1Score (BERTScore)": 0.860702902359227, "QAAlignedF1Score (MoverScore)": 0.618308627296726, "QAAlignedRecall (BERTScore)": 0.8607029018311787, "QAAlignedPrecision (BERTScore)": 0.8607029018311787, "QAAlignedRecall (MoverScore)": 0.61830854061499, "QAAlignedPrecision (MoverScore)": 0.61830854061499}, "validation": {"QAAlignedF1Score (BERTScore)": 0.859172928340623, "QAAlignedF1Score (MoverScore)": 0.6143992113983662, "QAAlignedRecall (BERTScore)": 0.8591729270131973, "QAAlignedPrecision (BERTScore)": 0.8591729270131973, "QAAlignedRecall (MoverScore)": 0.6143993368885763, "QAAlignedPrecision (MoverScore)": 0.6143993368885763}}