{"test": {"QAAlignedF1Score (BERTScore)": 0.79690878238991, "QAAlignedF1Score (MoverScore)": 0.5418250904142348, "QAAlignedRecall (BERTScore)": 0.7969087829021707, "QAAlignedPrecision (BERTScore)": 0.7969087829021707, "QAAlignedRecall (MoverScore)": 0.5418250315535059, "QAAlignedPrecision (MoverScore)": 0.5418250315535059}, "validation": {"QAAlignedF1Score (BERTScore)": 0.8040252572532557, "QAAlignedF1Score (MoverScore)": 0.5494092599249712, "QAAlignedRecall (BERTScore)": 0.8040252565864808, "QAAlignedPrecision (BERTScore)": 0.8040252565864808, "QAAlignedRecall (MoverScore)": 0.5494092959995504, "QAAlignedPrecision (MoverScore)": 0.5494092959995504}}