{"test": {"QAAlignedF1Score (BERTScore)": 0.9513696011128457, "QAAlignedF1Score (MoverScore)": 0.6979306978159988, "QAAlignedRecall (BERTScore)": 0.9513696004146094, "QAAlignedPrecision (BERTScore)": 0.9513696004146094, "QAAlignedRecall (MoverScore)": 0.6979304664308801, "QAAlignedPrecision (MoverScore)": 0.6979304664308801}, "validation": {"QAAlignedF1Score (BERTScore)": 0.9521595263150997, "QAAlignedF1Score (MoverScore)": 0.7077103390835175, "QAAlignedRecall (BERTScore)": 0.9521595252143923, "QAAlignedPrecision (BERTScore)": 0.9521595252143923, "QAAlignedRecall (MoverScore)": 0.7077098624309043, "QAAlignedPrecision (MoverScore)": 0.7077098624309043}}