{"test": {"QAAlignedF1Score (BERTScore)": 0.8127066153937157, "QAAlignedF1Score (MoverScore)": 0.5560590330431735, "QAAlignedRecall (BERTScore)": 0.8127066146114315, "QAAlignedPrecision (BERTScore)": 0.8127066146114315, "QAAlignedRecall (MoverScore)": 0.5560590330276518, "QAAlignedPrecision (MoverScore)": 0.5560590330276518}, "validation": {"QAAlignedF1Score (BERTScore)": 0.815620771785618, "QAAlignedF1Score (MoverScore)": 0.5616640697700355, "QAAlignedRecall (BERTScore)": 0.8156207724337545, "QAAlignedPrecision (BERTScore)": 0.8156207724337545, "QAAlignedRecall (MoverScore)": 0.5616640695216074, "QAAlignedPrecision (MoverScore)": 0.5616640695216074}}